Period,SA0,pct_inflation,M1,M2,M3,M4,M5,M6,M7,M8,M9,M10,M11,Constant
1958-02-01,28.6,0.0,0,1,0,0,0,0,0,0,0,0,0,1.0
1958-03-01,28.8,0.6968669316093301,0,0,1,0,0,0,0,0,0,0,0,1.0
1958-04-01,28.9,0.3466207976486224,0,0,0,1,0,0,0,0,0,0,0,1.0
1958-05-01,28.9,0.0,0,0,0,0,1,0,0,0,0,0,0,1.0
1958-06-01,28.9,0.0,0,0,0,0,0,1,0,0,0,0,0,1.0
1958-07-01,29.0,0.34542348680877133,0,0,0,0,0,0,1,0,0,0,0,1.0
1958-08-01,28.9,-0.34542348680877133,0,0,0,0,0,0,0,1,0,0,0,1.0
1958-09-01,28.9,0.0,0,0,0,0,0,0,0,0,1,0,0,1.0
1958-10-01,28.9,0.0,0,0,0,0,0,0,0,0,0,1,0,1.0
1958-11-01,29.0,0.34542348680877133,0,0,0,0,0,0,0,0,0,0,1,1.0
1958-12-01,28.9,-0.34542348680877133,0,0,0,0,0,0,0,0,0,0,0,1.0
1959-01-01,29.0,0.34542348680877133,1,0,0,0,0,0,0,0,0,0,0,1.0
1959-02-01,28.9,-0.34542348680877133,0,1,0,0,0,0,0,0,0,0,0,1.0
1959-03-01,28.9,0.0,0,0,1,0,0,0,0,0,0,0,0,1.0
1959-04-01,29.0,0.34542348680877133,0,0,0,1,0,0,0,0,0,0,0,1.0
1959-05-01,29.0,0.0,0,0,0,0,1,0,0,0,0,0,0,1.0
1959-06-01,29.1,0.3442344190972779,0,0,0,0,0,1,0,0,0,0,0,1.0
1959-07-01,29.2,0.34305350967889225,0,0,0,0,0,0,1,0,0,0,0,1.0
1959-08-01,29.2,0.0,0,0,0,0,0,0,0,1,0,0,0,1.0
1959-09-01,29.3,0.34188067487859186,0,0,0,0,0,0,0,0,1,0,0,1.0
1959-10-01,29.4,0.3407158321614201,0,0,0,0,0,0,0,0,0,1,0,1.0
1959-11-01,29.4,0.0,0,0,0,0,0,0,0,0,0,0,1,1.0
1959-12-01,29.4,0.0,0,0,0,0,0,0,0,0,0,0,0,1.0
1960-01-01,29.3,-0.3407158321614201,1,0,0,0,0,0,0,0,0,0,0,1.0
1960-02-01,29.4,0.3407158321614201,0,1,0,0,0,0,0,0,0,0,0,1.0
1960-03-01,29.4,0.0,0,0,1,0,0,0,0,0,0,0,0,1.0
1960-04-01,29.5,0.3395589001138344,0,0,0,1,0,0,0,0,0,0,0,1.0
1960-05-01,29.5,0.0,0,0,0,0,1,0,0,0,0,0,0,1.0
1960-06-01,29.6,0.33840979842403307,0,0,0,0,0,1,0,0,0,0,0,1.0
1960-07-01,29.6,0.0,0,0,0,0,0,0,1,0,0,0,0,1.0
1960-08-01,29.6,0.0,0,0,0,0,0,0,0,1,0,0,0,1.0
1960-09-01,29.6,0.0,0,0,0,0,0,0,0,0,1,0,0,1.0
1960-10-01,29.8,0.6734032181344052,0,0,0,0,0,0,0,0,0,1,0,1.0
1960-11-01,29.8,0.0,0,0,0,0,0,0,0,0,0,0,1,1.0
1960-12-01,29.8,0.0,0,0,0,0,0,0,0,0,0,0,0,1.0
1961-01-01,29.8,0.0,1,0,0,0,0,0,0,0,0,0,0,1.0
1961-02-01,29.8,0.0,0,1,0,0,0,0,0,0,0,0,0,1.0
1961-03-01,29.8,0.0,0,0,1,0,0,0,0,0,0,0,0,1.0
1961-04-01,29.8,0.0,0,0,0,1,0,0,0,0,0,0,0,1.0
1961-05-01,29.8,0.0,0,0,0,0,1,0,0,0,0,0,0,1.0
1961-06-01,29.8,0.0,0,0,0,0,0,1,0,0,0,0,0,1.0
1961-07-01,30.0,0.6688988150796771,0,0,0,0,0,0,1,0,0,0,0,1.0
1961-08-01,29.9,-0.33389012655149486,0,0,0,0,0,0,0,1,0,0,0,1.0
1961-09-01,30.0,0.33389012655149486,0,0,0,0,0,0,0,0,1,0,0,1.0
1961-10-01,30.0,0.0,0,0,0,0,0,0,0,0,0,1,0,1.0
1961-11-01,30.0,0.0,0,0,0,0,0,0,0,0,0,0,1,1.0
1961-12-01,30.0,0.0,0,0,0,0,0,0,0,0,0,0,0,1.0
1962-01-01,30.0,0.0,1,0,0,0,0,0,0,0,0,0,0,1.0
1962-02-01,30.1,0.33277900926744763,0,1,0,0,0,0,0,0,0,0,0,1.0
1962-03-01,30.1,0.0,0,0,1,0,0,0,0,0,0,0,0,1.0
1962-04-01,30.2,0.3316752625993846,0,0,0,1,0,0,0,0,0,0,0,1.0
1962-05-01,30.2,0.0,0,0,0,0,1,0,0,0,0,0,0,1.0
1962-06-01,30.2,0.0,0,0,0,0,0,1,0,0,0,0,0,1.0
1962-07-01,30.3,0.33057881344995543,0,0,0,0,0,0,1,0,0,0,0,1.0
1962-08-01,30.3,0.0,0,0,0,0,0,0,0,1,0,0,0,1.0
1962-09-01,30.4,0.3294895896852612,0,0,0,0,0,0,0,0,1,0,0,1.0
1962-10-01,30.4,0.0,0,0,0,0,0,0,0,0,0,1,0,1.0
1962-11-01,30.4,0.0,0,0,0,0,0,0,0,0,0,0,1,1.0
1962-12-01,30.4,0.0,0,0,0,0,0,0,0,0,0,0,0,1.0
1963-01-01,30.4,0.0,1,0,0,0,0,0,0,0,0,0,0,1.0
1963-02-01,30.4,0.0,0,1,0,0,0,0,0,0,0,0,0,1.0
1963-03-01,30.5,0.32840752011900065,0,0,1,0,0,0,0,0,0,0,0,1.0
1963-04-01,30.5,0.0,0,0,0,1,0,0,0,0,0,0,0,1.0
1963-05-01,30.5,0.0,0,0,0,0,1,0,0,0,0,0,0,1.0
1963-06-01,30.6,0.3273325344969269,0,0,0,0,0,1,0,0,0,0,0,1.0
1963-07-01,30.7,0.32626456348161526,0,0,0,0,0,0,1,0,0,0,0,1.0
1963-08-01,30.7,0.0,0,0,0,0,0,0,0,1,0,0,0,1.0
1963-09-01,30.7,0.0,0,0,0,0,0,0,0,0,1,0,0,1.0
1963-10-01,30.8,0.32520353863776386,0,0,0,0,0,0,0,0,0,1,0,1.0
1963-11-01,30.8,0.0,0,0,0,0,0,0,0,0,0,0,1,1.0
1963-12-01,30.9,0.3241493924170502,0,0,0,0,0,0,0,0,0,0,0,1.0
1964-01-01,30.9,0.0,1,0,0,0,0,0,0,0,0,0,0,1.0
1964-02-01,30.9,0.0,0,1,0,0,0,0,0,0,0,0,0,1.0
1964-03-01,30.9,0.0,0,0,1,0,0,0,0,0,0,0,0,1.0
1964-04-01,30.9,0.0,0,0,0,1,0,0,0,0,0,0,0,1.0
1964-05-01,30.9,0.0,0,0,0,0,1,0,0,0,0,0,0,1.0
1964-06-01,31.0,0.3231020581446753,0,0,0,0,0,1,0,0,0,0,0,1.0
1964-07-01,31.1,0.32206147000422014,0,0,0,0,0,0,1,0,0,0,0,1.0
1964-08-01,31.0,-0.32206147000422014,0,0,0,0,0,0,0,1,0,0,0,1.0
1964-09-01,31.1,0.32206147000422014,0,0,0,0,0,0,0,0,1,0,0,1.0
1964-10-01,31.1,0.0,0,0,0,0,0,0,0,0,0,1,0,1.0
1964-11-01,31.2,0.3210275630248116,0,0,0,0,0,0,0,0,0,0,1,1.0
1964-12-01,31.2,0.0,0,0,0,0,0,0,0,0,0,0,0,1.0
1965-01-01,31.2,0.0,1,0,0,0,0,0,0,0,0,0,0,1.0
1965-02-01,31.2,0.0,0,1,0,0,0,0,0,0,0,0,0,1.0
1965-03-01,31.3,0.3200002730670892,0,0,1,0,0,0,0,0,0,0,0,1.0
1965-04-01,31.4,0.3189795368100157,0,0,0,1,0,0,0,0,0,0,0,1.0
1965-05-01,31.4,0.0,0,0,0,0,1,0,0,0,0,0,0,1.0
1965-06-01,31.6,0.6349227678658753,0,0,0,0,0,1,0,0,0,0,0,1.0
1965-07-01,31.6,0.0,0,0,0,0,0,0,1,0,0,0,0,1.0
1965-08-01,31.6,0.0,0,0,0,0,0,0,0,1,0,0,0,1.0
1965-09-01,31.6,0.0,0,0,0,0,0,0,0,0,1,0,0,1.0
1965-10-01,31.7,0.3159560290368457,0,0,0,0,0,0,0,0,0,1,0,1.0
1965-11-01,31.7,0.0,0,0,0,0,0,0,0,0,0,0,1,1.0
1965-12-01,31.8,0.31496089028961727,0,0,0,0,0,0,0,0,0,0,0,1.0
1966-01-01,31.8,0.0,1,0,0,0,0,0,0,0,0,0,0,1.0
1966-02-01,32.0,0.6269613013595521,0,1,0,0,0,0,0,0,0,0,0,1.0
1966-03-01,32.1,0.3120127336243783,0,0,1,0,0,0,0,0,0,0,0,1.0
1966-04-01,32.3,0.6211200092640645,0,0,0,1,0,0,0,0,0,0,0,1.0
1966-05-01,32.3,0.0,0,0,0,0,1,0,0,0,0,0,0,1.0
1966-06-01,32.4,0.3091192569672607,0,0,0,0,0,1,0,0,0,0,0,1.0
1966-07-01,32.5,0.30816665374082675,0,0,0,0,0,0,1,0,0,0,0,1.0
1966-08-01,32.7,0.6134988567516153,0,0,0,0,0,0,0,1,0,0,0,1.0
1966-09-01,32.7,0.0,0,0,0,0,0,0,0,0,1,0,0,1.0
1966-10-01,32.9,0.6097579868117986,0,0,0,0,0,0,0,0,0,1,0,1.0
1966-11-01,32.9,0.0,0,0,0,0,0,0,0,0,0,0,1,1.0
1966-12-01,32.9,0.0,0,0,0,0,0,0,0,0,0,0,0,1.0
1967-01-01,32.9,0.0,1,0,0,0,0,0,0,0,0,0,0,1.0
1967-02-01,32.9,0.0,0,1,0,0,0,0,0,0,0,0,0,1.0
1967-03-01,33.0,0.3034903695154245,0,0,1,0,0,0,0,0,0,0,0,1.0
1967-04-01,33.1,0.3025720916537189,0,0,0,1,0,0,0,0,0,0,0,1.0
1967-05-01,33.2,0.3016593539425738,0,0,0,0,1,0,0,0,0,0,0,1.0
1967-06-01,33.3,0.30075210639548544,0,0,0,0,0,1,0,0,0,0,0,1.0
1967-07-01,33.4,0.299850299625648,0,0,0,0,0,0,1,0,0,0,0,1.0
1967-08-01,33.5,0.298953884836628,0,0,0,0,0,0,0,1,0,0,0,1.0
1967-09-01,33.6,0.29806281381379307,0,0,0,0,0,0,0,0,1,0,0,1.0
1967-10-01,33.7,0.2971770389157413,0,0,0,0,0,0,0,0,0,1,0,1.0
1967-11-01,33.8,0.29629651306568583,0,0,0,0,0,0,0,0,0,0,1,1.0
1967-12-01,33.9,0.29542118974315024,0,0,0,0,0,0,0,0,0,0,0,1.0
1968-01-01,34.1,0.5882369903066564,1,0,0,0,0,0,0,0,0,0,0,1.0
1968-02-01,34.2,0.29282597790887266,0,1,0,0,0,0,0,0,0,0,0,1.0
1968-03-01,34.3,0.291971010333425,0,0,1,0,0,0,0,0,0,0,0,1.0
1968-04-01,34.4,0.2911210207458659,0,0,0,1,0,0,0,0,0,0,0,1.0
1968-05-01,34.5,0.29027596579616066,0,0,0,0,1,0,0,0,0,0,0,1.0
1968-06-01,34.7,0.5780362915499104,0,0,0,0,0,1,0,0,0,0,0,1.0
1968-07-01,34.9,0.5747142255568161,0,0,0,0,0,0,1,0,0,0,0,1.0
1968-08-01,35.0,0.2861232281031967,0,0,0,0,0,0,0,1,0,0,0,1.0
1968-09-01,35.1,0.2853068982406448,0,0,0,0,0,0,0,0,1,0,0,1.0
1968-10-01,35.3,0.5681833467431119,0,0,0,0,0,0,0,0,0,1,0,1.0
1968-11-01,35.4,0.28288562004776807,0,0,0,0,0,0,0,0,0,0,1,1.0
1968-12-01,35.5,0.28208763416412985,0,0,0,0,0,0,0,0,0,0,0,1.0
1969-01-01,35.6,0.2812941376614919,1,0,0,0,0,0,0,0,0,0,0,1.0
1969-02-01,35.8,0.5602255548669444,0,1,0,0,0,0,0,0,0,0,0,1.0
1969-03-01,36.1,0.8344971932180645,0,0,1,0,0,0,0,0,0,0,0,1.0
1969-04-01,36.3,0.552487593196993,0,0,0,1,0,0,0,0,0,0,0,1.0
1969-05-01,36.4,0.2751033371890088,0,0,0,0,1,0,0,0,0,0,0,1.0
1969-06-01,36.6,0.5479465764625324,0,0,0,0,0,1,0,0,0,0,0,1.0
1969-07-01,36.8,0.5449604767564953,0,0,0,0,0,0,1,0,0,0,0,1.0
1969-08-01,37.0,0.5420067469338985,0,0,0,0,0,0,0,1,0,0,0,1.0
1969-09-01,37.1,0.269905696916517,0,0,0,0,0,0,0,0,1,0,0,1.0
1969-10-01,37.3,0.5376357036380064,0,0,0,0,0,0,0,0,0,1,0,1.0
1969-11-01,37.5,0.5347606326595589,0,0,0,0,0,0,0,0,0,0,1,1.0
1969-12-01,37.7,0.531916147759981,0,0,0,0,0,0,0,0,0,0,0,1.0
1970-01-01,37.8,0.2649008171577094,1,0,0,0,0,0,0,0,0,0,0,1.0
1970-02-01,38.0,0.5277057100843585,0,1,0,0,0,0,0,0,0,0,0,1.0
1970-03-01,38.2,0.5249355886143725,0,0,1,0,0,0,0,0,0,0,0,1.0
1970-04-01,38.5,0.7822725681209342,0,0,0,1,0,0,0,0,0,0,0,1.0
1970-05-01,38.6,0.2594035177046372,0,0,0,0,1,0,0,0,0,0,0,1.0
1970-06-01,38.8,0.5167970158442614,0,0,0,0,0,1,0,0,0,0,0,1.0
1970-07-01,39.0,0.5141399500418586,0,0,0,0,0,0,1,0,0,0,0,1.0
1970-08-01,39.0,0.0,0,0,0,0,0,0,0,1,0,0,0,1.0
1970-09-01,39.2,0.5115100666770456,0,0,0,0,0,0,0,0,1,0,0,1.0
1970-10-01,39.4,0.5089069507471233,0,0,0,0,0,0,0,0,0,1,0,1.0
1970-11-01,39.6,0.5063301956546695,0,0,0,0,0,0,0,0,0,0,1,1.0
1970-12-01,39.8,0.5037794029957077,0,0,0,0,0,0,0,0,0,0,0,1.0
1971-01-01,39.8,0.0,1,0,0,0,0,0,0,0,0,0,0,1.0
1971-02-01,39.9,0.25094116054260596,0,1,0,0,0,0,0,0,0,0,0,1.0
1971-03-01,40.0,0.25031302181184323,0,0,1,0,0,0,0,0,0,0,0,1.0
1971-04-01,40.1,0.24968801985871814,0,0,0,1,0,0,0,0,0,0,0,1.0
1971-05-01,40.3,0.49751346401136765,0,0,0,0,1,0,0,0,0,0,0,1.0
1971-06-01,40.6,0.7416597655049983,0,0,0,0,0,1,0,0,0,0,0,1.0
1971-07-01,40.7,0.24600258408624676,0,0,0,0,0,0,1,0,0,0,0,1.0
1971-08-01,40.8,0.24539889615664556,0,0,0,0,0,0,0,1,0,0,0,1.0
1971-09-01,40.8,0.0,0,0,0,0,0,0,0,0,1,0,0,1.0
1971-10-01,40.9,0.24479816386397957,0,0,0,0,0,0,0,0,0,1,0,1.0
1971-11-01,40.9,0.0,0,0,0,0,0,0,0,0,0,0,1,1.0
1971-12-01,41.1,0.4878058453433365,0,0,0,0,0,0,0,0,0,0,0,1.0
1972-01-01,41.1,0.0,1,0,0,0,0,0,0,0,0,0,0,1.0
1972-02-01,41.3,0.48543784647976373,0,1,0,0,0,0,0,0,0,0,0,1.0
1972-03-01,41.4,0.24183808642819216,0,0,1,0,0,0,0,0,0,0,0,1.0
1972-04-01,41.5,0.24125464053836865,0,0,0,1,0,0,0,0,0,0,0,1.0
1972-05-01,41.6,0.2406740030565402,0,0,0,0,1,0,0,0,0,0,0,1.0
1972-06-01,41.7,0.24009615375382154,0,0,0,0,0,1,0,0,0,0,0,1.0
1972-07-01,41.9,0.47846981233359287,0,0,0,0,0,0,1,0,0,0,0,1.0
1972-08-01,42.0,0.23837913552764434,0,0,0,0,0,0,0,1,0,0,0,1.0
1972-09-01,42.1,0.23781224049672645,0,0,0,0,0,0,0,0,1,0,0,1.0
1972-10-01,42.3,0.4739345363896419,0,0,0,0,0,0,0,0,0,1,0,1.0
1972-11-01,42.4,0.23612761856801612,0,0,0,0,0,0,0,0,0,0,1,1.0
1972-12-01,42.5,0.2355713692459016,0,0,0,0,0,0,0,0,0,0,0,1.0
1973-01-01,42.6,0.23501773449536856,1,0,0,0,0,0,0,0,0,0,0,1.0
1973-02-01,42.9,0.701757265864611,0,1,0,0,0,0,0,0,0,0,0,1.0
1973-03-01,43.3,0.9280809074473151,0,0,1,0,0,0,0,0,0,0,0,1.0
1973-04-01,43.6,0.6904515346544571,0,0,0,1,0,0,0,0,0,0,0,1.0
1973-05-01,43.9,0.6857169726136814,0,0,0,0,1,0,0,0,0,0,0,1.0
1973-06-01,44.2,0.6810469002526798,0,0,0,0,0,1,0,0,0,0,0,1.0
1973-07-01,44.3,0.22598879674373684,0,0,0,0,0,0,1,0,0,0,0,1.0
1973-08-01,45.1,1.789756945754295,0,0,0,0,0,0,0,1,0,0,0,1.0
1973-09-01,45.2,0.22148403295529917,0,0,0,0,0,0,0,0,1,0,0,1.0
1973-10-01,45.6,0.8810629682154847,0,0,0,0,0,0,0,0,0,1,0,1.0
1973-11-01,45.9,0.6557400546158831,0,0,0,0,0,0,0,0,0,0,1,1.0
1973-12-01,46.2,0.6514681021193791,0,0,0,0,0,0,0,0,0,0,0,1.0
1974-01-01,46.6,0.862074304390692,1,0,0,0,0,0,0,0,0,0,0,1.0
1974-02-01,47.2,1.2793351459909452,0,1,0,0,0,0,0,0,0,0,0,1.0
1974-03-01,47.8,1.263174690590052,0,0,1,0,0,0,0,0,0,0,0,1.0
1974-04-01,48.0,0.4175371410481077,0,0,0,1,0,0,0,0,0,0,0,1.0
1974-05-01,48.6,1.2422519998557036,0,0,0,0,1,0,0,0,0,0,0,1.0
1974-06-01,49.0,0.8196767204178279,0,0,0,0,0,1,0,0,0,0,0,1.0
1974-07-01,49.4,0.8130126083250477,0,0,0,0,0,0,1,0,0,0,0,1.0
1974-08-01,50.0,1.207258123426902,0,0,0,0,0,0,0,1,0,0,0,1.0
1974-09-01,50.6,1.192857086527388,0,0,0,0,0,0,0,0,1,0,0,1.0
1974-10-01,51.1,0.9832920916239107,0,0,0,0,0,0,0,0,0,1,0,1.0
1974-11-01,51.5,0.7797310460031515,0,0,0,0,0,0,0,0,0,0,1,1.0
1974-12-01,51.9,0.773698250215249,0,0,0,0,0,0,0,0,0,0,0,1.0
1975-01-01,52.1,0.38461585874784987,1,0,0,0,0,0,0,0,0,0,0,1.0
1975-02-01,52.5,0.764822083825667,0,1,0,0,0,0,0,0,0,0,0,1.0
1975-03-01,52.7,0.38022859497384154,0,0,1,0,0,0,0,0,0,0,0,1.0
1975-04-01,52.9,0.3787883316936913,0,0,0,1,0,0,0,0,0,0,0,1.0
1975-05-01,53.2,0.5655057483345161,0,0,0,0,1,0,0,0,0,0,0,1.0
1975-06-01,53.6,0.749067172915785,0,0,0,0,0,1,0,0,0,0,0,1.0
1975-07-01,54.2,1.113184036884407,0,0,0,0,0,0,1,0,0,0,0,1.0
1975-08-01,54.3,0.18433184942892034,0,0,0,0,0,0,0,1,0,0,0,1.0
1975-09-01,54.6,0.5509655810969516,0,0,0,0,0,0,0,0,1,0,0,1.0
1975-10-01,54.9,0.5479465764625324,0,0,0,0,0,0,0,0,0,1,0,1.0
1975-11-01,55.3,0.7259560012804478,0,0,0,0,0,0,0,0,0,0,1,1.0
1975-12-01,55.5,0.361011222409946,0,0,0,0,0,0,0,0,0,0,0,1.0
1976-01-01,55.6,0.18001805041478747,1,0,0,0,0,0,0,0,0,0,0,1.0
1976-02-01,55.8,0.35906681307285027,0,1,0,0,0,0,0,0,0,0,0,1.0
1976-03-01,55.9,0.1790510773788334,0,0,1,0,0,0,0,0,0,0,0,1.0
1976-04-01,56.1,0.35714323675977155,0,0,0,1,0,0,0,0,0,0,0,1.0
1976-05-01,56.5,0.7104825623744482,0,0,0,0,1,0,0,0,0,0,0,1.0
1976-06-01,56.8,0.5295687574710328,0,0,0,0,0,1,0,0,0,0,0,1.0
1976-07-01,57.1,0.5267790934858851,0,0,0,0,0,0,1,0,0,0,0,1.0
1976-08-01,57.4,0.5240186663556301,0,0,0,0,0,0,0,1,0,0,0,1.0
1976-09-01,57.6,0.34782643763247023,0,0,0,0,0,0,0,0,1,0,0,1.0
1976-10-01,57.9,0.5194816877104103,0,0,0,0,0,0,0,0,0,1,0,1.0
1976-11-01,58.0,0.17256259674693908,0,0,0,0,0,0,0,0,0,0,1,1.0
1976-12-01,58.2,0.34423441909732233,0,0,0,0,0,0,0,0,0,0,0,1.0
1977-01-01,58.5,0.5141399500418586,1,0,0,0,0,0,0,0,0,0,0,1.0
1977-02-01,59.1,1.020417017424169,0,1,0,0,0,0,0,0,0,0,0,1.0
1977-03-01,59.5,0.6745388139531627,0,0,1,0,0,0,0,0,0,0,0,1.0
1977-04-01,60.0,0.8368249670516192,0,0,0,1,0,0,0,0,0,0,0,1.0
1977-05-01,60.3,0.4987541511039417,0,0,0,0,1,0,0,0,0,0,0,1.0
1977-06-01,60.7,0.661159433231262,0,0,0,0,0,1,0,0,0,0,0,1.0
1977-07-01,61.0,0.4930166107858902,0,0,0,0,0,0,1,0,0,0,0,1.0
1977-08-01,61.2,0.3273325344968825,0,0,0,0,0,0,0,1,0,0,0,1.0
1977-09-01,61.4,0.32626456348161526,0,0,0,0,0,0,0,0,1,0,0,1.0
1977-10-01,61.6,0.32520353863780826,0,0,0,0,0,0,0,0,0,1,0,1.0
1977-11-01,61.9,0.4858309151075879,0,0,0,0,0,0,0,0,0,0,1,1.0
1977-12-01,62.1,0.3225809248882605,0,0,0,0,0,0,0,0,0,0,0,1.0
1978-01-01,62.5,0.6420567802923216,1,0,0,0,0,0,0,0,0,0,0,1.0
1978-02-01,62.9,0.6379606964038942,0,1,0,0,0,0,0,0,0,0,0,1.0
1978-03-01,63.4,0.7917697736784746,0,0,1,0,0,0,0,0,0,0,0,1.0
1978-04-01,63.9,0.7855499940308874,0,0,0,1,0,0,0,0,0,0,0,1.0
1978-05-01,64.5,0.9345862418237871,0,0,0,0,1,0,0,0,0,0,0,1.0
1978-06-01,65.2,1.0794245130880675,0,0,0,0,0,1,0,0,0,0,0,1.0
1978-07-01,65.7,0.7639456557957836,0,0,0,0,0,0,1,0,0,0,0,1.0
1978-08-01,66.0,0.45558165358601244,0,0,0,0,0,0,0,1,0,0,0,1.0
1978-09-01,66.5,0.7547205635383136,0,0,0,0,0,0,0,0,1,0,0,1.0
1978-10-01,67.1,0.8982096315827803,0,0,0,0,0,0,0,0,0,1,0,1.0
1978-11-01,67.4,0.4460973940624946,0,0,0,0,0,0,0,0,0,0,1,1.0
1978-12-01,67.7,0.4441161999968024,0,0,0,0,0,0,0,0,0,0,0,1.0
1979-01-01,68.3,0.8823586658515126,1,0,0,0,0,0,0,0,0,0,0,1.0
1979-02-01,69.1,1.1644964196880103,0,1,0,0,0,0,0,0,0,0,0,1.0
1979-03-01,69.8,1.0079278994702179,0,0,1,0,0,0,0,0,0,0,0,1.0
1979-04-01,70.6,1.1396134730869534,0,0,0,1,0,0,0,0,0,0,0,1.0
1979-05-01,71.5,1.2667305200765533,0,0,0,0,1,0,0,0,0,0,0,1.0
1979-06-01,72.3,1.1126679464757316,0,0,0,0,0,1,0,0,0,0,0,1.0
1979-07-01,73.1,1.100423759101421,0,0,0,0,0,0,1,0,0,0,0,1.0
1979-08-01,73.8,0.9530364850693473,0,0,0,0,0,0,0,1,0,0,0,1.0
1979-09-01,74.6,1.0781775603288857,0,0,0,0,0,0,0,0,1,0,0,1.0
1979-10-01,75.2,0.8010723746078696,0,0,0,0,0,0,0,0,0,1,0,1.0
1979-11-01,75.9,0.9265453445790328,0,0,0,0,0,0,0,0,0,0,1,1.0
1979-12-01,76.7,1.048502397162565,0,0,0,0,0,0,0,0,0,0,0,1.0
1980-01-01,77.8,1.4239722811136168,1,0,0,0,0,0,0,0,0,0,0,1.0
1980-02-01,78.9,1.4039796667482562,0,1,0,0,0,0,0,0,0,0,0,1.0
1980-03-01,80.1,1.509462622248492,0,0,1,0,0,0,0,0,0,0,0,1.0
1980-04-01,81.0,1.117330059812538,0,0,0,1,0,0,0,0,0,0,0,1.0
1980-05-01,81.8,0.9828088936262525,0,0,0,0,1,0,0,0,0,0,0,1.0
1980-06-01,82.7,1.0942358420943599,0,0,0,0,0,1,0,0,0,0,0,1.0
1980-07-01,82.7,0.0,0,0,0,0,0,0,1,0,0,0,0,1.0
1980-08-01,83.3,0.722894714315192,0,0,0,0,0,0,0,1,0,0,0,1.0
1980-09-01,84.0,0.8368249670516192,0,0,0,0,0,0,0,0,1,0,0,1.0
1980-10-01,84.8,0.9478743954543845,0,0,0,0,0,0,0,0,0,1,0,1.0
1980-11-01,85.5,0.8220833144857664,0,0,0,0,0,0,0,0,0,0,1,1.0
1980-12-01,86.3,0.9313222146666966,0,0,0,0,0,0,0,0,0,0,0,1.0
1981-01-01,87.0,0.8078520565201863,1,0,0,0,0,0,0,0,0,0,0,1.0
1981-02-01,87.9,1.0291686036548064,0,1,0,0,0,0,0,0,0,0,0,1.0
1981-03-01,88.5,0.6802747322751657,0,0,1,0,0,0,0,0,0,0,0,1.0
1981-04-01,89.1,0.6756782462880473,0,0,0,1,0,0,0,0,0,0,0,1.0
1981-05-01,89.8,0.7825640831390146,0,0,0,0,1,0,0,0,0,0,0,1.0
1981-06-01,90.6,0.8869237740779745,0,0,0,0,0,1,0,0,0,0,0,1.0
1981-07-01,91.6,1.097705863115106,0,0,0,0,0,0,1,0,0,0,0,1.0
1981-08-01,92.3,0.7612869828721891,0,0,0,0,0,0,0,1,0,0,0,1.0
1981-09-01,93.2,0.9703580182739202,0,0,0,0,0,0,0,0,1,0,0,1.0
1981-10-01,93.4,0.21436235432510387,0,0,0,0,0,0,0,0,0,1,0,1.0
1981-11-01,93.7,0.3206844009579157,0,0,0,0,0,0,0,0,0,0,1,1.0
1981-12-01,94.0,0.3196593025627692,0,0,0,0,0,0,0,0,0,0,0,1.0
1982-01-01,94.3,0.31864073694078954,1,0,0,0,0,0,0,0,0,0,0,1.0
1982-02-01,94.6,0.3176286418420382,0,1,0,0,0,0,0,0,0,0,0,1.0
1982-03-01,94.5,-0.10576415581349252,0,0,1,0,0,0,0,0,0,0,0,1.0
1982-04-01,94.9,0.4223871116185052,0,0,0,1,0,0,0,0,0,0,0,1.0
1982-05-01,95.8,0.9438979360932187,0,0,0,0,1,0,0,0,0,0,0,1.0
1982-06-01,97.0,1.24482935265684,0,0,0,0,0,1,0,0,0,0,0,1.0
1982-07-01,97.5,0.5141399500418586,0,0,0,0,0,0,1,0,0,0,0,1.0
1982-08-01,97.7,0.20491810449358994,0,0,0,0,0,0,0,1,0,0,0,1.0
1982-09-01,97.9,0.20449904877271052,0,0,0,0,0,0,0,0,1,0,0,1.0
1982-10-01,98.2,0.30596658239554486,0,0,0,0,0,0,0,0,0,1,0,1.0
1982-11-01,98.0,-0.20387366898475534,0,0,0,0,0,0,0,0,0,0,1,1.0
1982-12-01,97.6,-0.4089985251525263,0,0,0,0,0,0,0,0,0,0,0,1.0
1983-01-01,97.8,0.20470836217247879,1,0,0,0,0,0,0,0,0,0,0,1.0
1983-02-01,97.9,0.10219724956925802,0,1,0,0,0,0,0,0,0,0,0,1.0
1983-03-01,97.9,0.0,0,0,1,0,0,0,0,0,0,0,0,1.0
1983-04-01,98.6,0.712471207212495,0,0,0,1,0,0,0,0,0,0,0,1.0
1983-05-01,99.2,0.6066752682237997,0,0,0,0,1,0,0,0,0,0,0,1.0
1983-06-01,99.5,0.30196298737195093,0,0,0,0,0,1,0,0,0,0,0,1.0
1983-07-01,99.9,0.4012041489961149,0,0,0,0,0,0,1,0,0,0,0,1.0
1983-08-01,100.2,0.2998502996256036,0,0,0,0,0,0,0,1,0,0,0,1.0
1983-09-01,100.7,0.4977611073752719,0,0,0,0,0,0,0,0,1,0,0,1.0
1983-10-01,101.0,0.2974717116742909,0,0,0,0,0,0,0,0,0,1,0,1.0
1983-11-01,101.2,0.19782400121055588,0,0,0,0,0,0,0,0,0,0,1,1.0
1983-12-01,101.3,0.09876544012721311,0,0,0,0,0,0,0,0,0,0,0,1.0
1984-01-01,101.9,0.5905528974041729,1,0,0,0,0,0,0,0,0,0,0,1.0
1984-02-01,102.4,0.4894772376728085,0,1,0,0,0,0,0,0,0,0,0,1.0
1984-03-01,102.6,0.19512201312616995,0,0,1,0,0,0,0,0,0,0,0,1.0
1984-04-01,103.1,0.48614582862454014,0,0,0,1,0,0,0,0,0,0,0,1.0
1984-05-01,103.4,0.2905571051414313,0,0,0,0,1,0,0,0,0,0,0,1.0
1984-06-01,103.7,0.2897153161153021,0,0,0,0,0,1,0,0,0,0,0,1.0
1984-07-01,104.1,0.38498603854417723,0,0,0,0,0,0,1,0,0,0,0,1.0
1984-08-01,104.5,0.3835095783942144,0,0,0,0,0,0,0,1,0,0,0,1.0
1984-09-01,105.0,0.47732787526575393,0,0,0,0,0,0,0,0,1,0,0,1.0
1984-10-01,105.3,0.2853068982406448,0,0,0,0,0,0,0,0,0,1,0,1.0
1984-11-01,105.3,0.0,0,0,0,0,0,0,0,0,0,0,1,1.0
1984-12-01,105.3,0.0,0,0,0,0,0,0,0,0,0,0,0,1.0
1985-01-01,105.5,0.18975337761917288,1,0,0,0,0,0,0,0,0,0,0,1.0
1985-02-01,106.0,0.47281411959456676,0,1,0,0,0,0,0,0,0,0,0,1.0
1985-03-01,106.4,0.37664827954770885,0,0,1,0,0,0,0,0,0,0,0,1.0
1985-04-01,106.9,0.4688241123455228,0,0,0,1,0,0,0,0,0,0,0,1.0
1985-05-01,107.3,0.3734831605653355,0,0,0,0,1,0,0,0,0,0,0,1.0
1985-06-01,107.6,0.2791998091031367,0,0,0,0,0,1,0,0,0,0,0,1.0
1985-07-01,107.8,0.1857010747213117,0,0,0,0,0,0,1,0,0,0,0,1.0
1985-08-01,108.0,0.18535686493228454,0,0,0,0,0,0,0,1,0,0,0,1.0
1985-09-01,108.3,0.2773926882724709,0,0,0,0,0,0,0,0,1,0,0,1.0
1985-10-01,108.7,0.3686640120219131,0,0,0,0,0,0,0,0,0,1,0,1.0
1985-11-01,109.0,0.27560881019796923,0,0,0,0,0,0,0,0,0,0,1,1.0
1985-12-01,109.3,0.27485129533495467,0,0,0,0,0,0,0,0,0,0,0,1.0
1986-01-01,109.6,0.2740979331422366,1,0,0,0,0,0,0,0,0,0,0,1.0
1986-02-01,109.3,-0.2740979331422366,0,1,0,0,0,0,0,0,0,0,0,1.0
1986-03-01,108.8,-0.458506076065035,0,0,1,0,0,0,0,0,0,0,0,1.0
1986-04-01,108.6,-0.18399269220079617,0,0,0,1,0,0,0,0,0,0,0,1.0
1986-05-01,108.9,0.2758622439079872,0,0,0,0,1,0,0,0,0,0,0,1.0
1986-06-01,109.5,0.5494519317641,0,0,0,0,0,1,0,0,0,0,0,1.0
1986-07-01,109.5,0.0,0,0,0,0,0,0,1,0,0,0,0,1.0
1986-08-01,109.7,0.18248180246294154,0,0,0,0,0,0,0,1,0,0,0,1.0
1986-09-01,110.2,0.4547529437629372,0,0,0,0,0,0,0,0,1,0,0,1.0
1986-10-01,110.3,0.09070295406425899,0,0,0,0,0,0,0,0,0,1,0,1.0
1986-11-01,110.4,0.0906207583538432,0,0,0,0,0,0,0,0,0,0,1,1.0
1986-12-01,110.5,0.09053871148125836,0,0,0,0,0,0,0,0,0,0,0,1.0
1987-01-01,111.2,0.6314860858673832,1,0,0,0,0,0,0,0,0,0,0,1.0
1987-02-01,111.6,0.35906681307285027,0,1,0,0,0,0,0,0,0,0,0,1.0
1987-03-01,112.1,0.4470280130903781,0,0,1,0,0,0,0,0,0,0,0,1.0
1987-04-01,112.7,0.5338090967616616,0,0,0,1,0,0,0,0,0,0,0,1.0
1987-05-01,113.1,0.35429620763443026,0,0,0,0,1,0,0,0,0,0,0,1.0
1987-06-01,113.5,0.3530453799382549,0,0,0,0,0,1,0,0,0,0,0,1.0
1987-07-01,113.8,0.263968477077281,0,0,0,0,0,0,1,0,0,0,0,1.0
1987-08-01,114.4,0.5258557253466911,0,0,0,0,0,0,0,1,0,0,0,1.0
1987-09-01,115.0,0.5231049417552924,0,0,0,0,0,0,0,0,1,0,0,1.0
1987-10-01,115.3,0.26052989117628655,0,0,0,0,0,0,0,0,0,1,0,1.0
1987-11-01,115.4,0.08669267989862561,0,0,0,0,0,0,0,0,0,0,1,1.0
1987-12-01,115.4,0.0,0,0,0,0,0,0,0,0,0,0,0,1.0
1988-01-01,115.7,0.25962801256316226,1,0,0,0,0,0,0,0,0,0,0,1.0
1988-02-01,116.0,0.258955690673357,0,1,0,0,0,0,0,0,0,0,0,1.0
1988-03-01,116.5,0.4301081899391157,0,0,1,0,0,0,0,0,0,0,0,1.0
1988-04-01,117.1,0.5136997597915638,0,0,0,1,0,0,0,0,0,0,0,1.0
1988-05-01,117.5,0.341006298054225,0,0,0,0,1,0,0,0,0,0,0,1.0
1988-06-01,118.0,0.42462908814515643,0,0,0,0,0,1,0,0,0,0,0,1.0
1988-07-01,118.5,0.42283361095210026,0,0,0,0,0,0,1,0,0,0,0,1.0
1988-08-01,119.0,0.4210532536343514,0,0,0,0,0,0,0,1,0,0,0,1.0
1988-09-01,119.8,0.670019256981913,0,0,0,0,0,0,0,0,1,0,0,1.0
1988-10-01,120.2,0.3333336419758304,0,0,0,0,0,0,0,0,0,1,0,1.0
1988-11-01,120.3,0.0831600879526384,0,0,0,0,0,0,0,0,0,0,1,1.0
1988-12-01,120.5,0.16611299500759458,0,0,0,0,0,0,0,0,0,0,0,1.0
1989-01-01,121.1,0.49668976283374633,1,0,0,0,0,0,0,0,0,0,0,1.0
1989-02-01,121.6,0.41203189730198986,0,1,0,0,0,0,0,0,0,0,0,1.0
1989-03-01,122.3,0.5740073161059733,0,0,1,0,0,0,0,0,0,0,0,1.0
1989-04-01,123.1,0.6519990497281469,0,0,0,1,0,0,0,0,0,0,0,1.0
1989-05-01,123.8,0.5670327060087743,0,0,0,0,1,0,0,0,0,0,0,1.0
1989-06-01,124.1,0.2420331960065525,0,0,0,0,0,1,0,0,0,0,0,1.0
1989-07-01,124.4,0.24144880945176084,0,0,0,0,0,0,1,0,0,0,0,1.0
1989-08-01,124.6,0.1606426048273768,0,0,0,0,0,0,0,1,0,0,0,1.0
1989-09-01,125.0,0.320513094894892,0,0,0,0,0,0,0,0,1,0,0,1.0
1989-10-01,125.6,0.4788516731796477,0,0,0,0,0,0,0,0,0,1,0,1.0
1989-11-01,125.9,0.23856870162033417,0,0,0,0,0,0,0,0,0,0,1,1.0
1989-12-01,126.1,0.158730192057277,0,0,0,0,0,0,0,0,0,0,0,1.0
1990-01-01,127.4,1.0256500167188598,1,0,0,0,0,0,0,0,0,0,0,1.0
1990-02-01,128.0,0.4698520781554194,0,1,0,0,0,0,0,0,0,0,0,1.0
1990-03-01,128.7,0.5453850682464179,0,0,1,0,0,0,0,0,0,0,0,1.0
1990-04-01,128.9,0.15527953430609642,0,0,0,1,0,0,0,0,0,0,0,1.0
1990-05-01,129.2,0.23246814033592855,0,0,0,0,1,0,0,0,0,0,0,1.0
1990-06-01,129.9,0.5403332328052457,0,0,0,0,0,1,0,0,0,0,0,1.0
1990-07-01,130.4,0.3841725815998842,0,0,0,0,0,0,1,0,0,0,0,1.0
1990-08-01,131.6,0.9160369398664159,0,0,0,0,0,0,0,1,0,0,0,1.0
1990-09-01,132.7,0.8323922446945353,0,0,0,0,0,0,0,0,1,0,0,1.0
1990-10-01,133.5,0.6010536502142116,0,0,0,0,0,0,0,0,0,1,0,1.0
1990-11-01,133.8,0.22446698538240994,0,0,0,0,0,0,0,0,0,0,1,1.0
1990-12-01,133.8,0.0,0,0,0,0,0,0,0,0,0,0,0,1.0
1991-01-01,134.6,0.5961269516499001,1,0,0,0,0,0,0,0,0,0,0,1.0
1991-02-01,134.8,0.1484781267579116,0,1,0,0,0,0,0,0,0,0,0,1.0
1991-03-01,135.0,0.14825799602231626,0,0,1,0,0,0,0,0,0,0,0,1.0
1991-04-01,135.2,0.14803851704341398,0,0,0,1,0,0,0,0,0,0,0,1.0
1991-05-01,135.6,0.2954211897431058,0,0,0,0,1,0,0,0,0,0,0,1.0
1991-06-01,136.0,0.2945510229757531,0,0,0,0,0,1,0,0,0,0,0,1.0
1991-07-01,136.2,0.1469507979359186,0,0,0,0,0,0,1,0,0,0,0,1.0
1991-08-01,136.6,0.29325534212780724,0,0,0,0,0,0,0,1,0,0,0,1.0
1991-09-01,137.2,0.43827681550947517,0,0,0,0,0,0,0,0,1,0,0,1.0
1991-10-01,137.4,0.14566644964641995,0,0,0,0,0,0,0,0,0,1,0,1.0
1991-11-01,137.8,0.29069787913096334,0,0,0,0,0,0,0,0,0,0,1,1.0
1991-12-01,137.9,0.07254262196978445,0,0,0,0,0,0,0,0,0,0,0,1.0
1992-01-01,138.1,0.14492756159905085,1,0,0,0,0,0,0,0,0,0,0,1.0
1992-02-01,138.6,0.3614026340556187,0,1,0,0,0,0,0,0,0,0,0,1.0
1992-03-01,139.3,0.5037794029957077,0,0,1,0,0,0,0,0,0,0,0,1.0
1992-04-01,139.5,0.14347204756601784,0,0,0,1,0,0,0,0,0,0,0,1.0
1992-05-01,139.7,0.14326650014959696,0,0,0,0,1,0,0,0,0,0,0,1.0
1992-06-01,140.2,0.35727083375736157,0,0,0,0,0,1,0,0,0,0,0,1.0
1992-07-01,140.5,0.21375141733113168,0,0,0,0,0,0,1,0,0,0,0,1.0
1992-08-01,140.9,0.28429301308339205,0,0,0,0,0,0,0,1,0,0,0,1.0
1992-09-01,141.3,0.2834870785846988,0,0,0,0,0,0,0,0,1,0,0,1.0
1992-10-01,141.8,0.353232440754514,0,0,0,0,0,0,0,0,0,1,0,1.0
1992-11-01,142.0,0.14094435032339092,0,0,0,0,0,0,0,0,0,0,1,1.0
1992-12-01,141.9,-0.07044734352641413,0,0,0,0,0,0,0,0,0,0,0,1.0
1993-01-01,142.6,0.492092381419873,1,0,0,0,0,0,0,0,0,0,0,1.0
1993-02-01,143.1,0.3500178582209301,0,1,0,0,0,0,0,0,0,0,0,1.0
1993-03-01,143.6,0.34879700517187473,0,0,1,0,0,0,0,0,0,0,0,1.0
1993-04-01,144.0,0.27816429618772176,0,0,0,1,0,0,0,0,0,0,0,1.0
1993-05-01,144.2,0.13879252748481008,0,0,0,0,1,0,0,0,0,0,0,1.0
1993-06-01,144.4,0.13860016078774962,0,0,0,0,0,1,0,0,0,0,0,1.0
1993-07-01,144.4,0.0,0,0,0,0,0,0,1,0,0,0,0,1.0
1993-08-01,144.8,0.27662534928900584,0,0,0,0,0,0,0,1,0,0,0,1.0
1993-09-01,145.1,0.20696799385255815,0,0,0,0,0,0,0,0,1,0,0,1.0
1993-10-01,145.7,0.4126553311016856,0,0,0,0,0,0,0,0,0,1,0,1.0
1993-11-01,145.8,0.06861063733989425,0,0,0,0,0,0,0,0,0,0,1,1.0
1993-12-01,145.8,0.0,0,0,0,0,0,0,0,0,0,0,0,1.0
1994-01-01,146.2,0.27397277411207455,1,0,0,0,0,0,0,0,0,0,0,1.0
1994-02-01,146.7,0.3414137833257058,0,1,0,0,0,0,0,0,0,0,0,1.0
1994-03-01,147.2,0.3402521145840609,0,0,1,0,0,0,0,0,0,0,0,1.0
1994-04-01,147.4,0.13577734604597325,0,0,0,1,0,0,0,0,0,0,0,1.0
1994-05-01,147.5,0.06781960246389218,0,0,0,0,1,0,0,0,0,0,0,1.0
1994-06-01,148.0,0.33840979842398866,0,0,0,0,0,1,0,0,0,0,0,1.0
1994-07-01,148.4,0.269905696916517,0,0,0,0,0,0,1,0,0,0,0,1.0
1994-08-01,149.0,0.4034975212179326,0,0,0,0,0,0,0,1,0,0,0,1.0
1994-09-01,149.4,0.26809667532576853,0,0,0,0,0,0,0,0,1,0,0,1.0
1994-10-01,149.5,0.0669120132024581,0,0,0,0,0,0,0,0,0,1,0,1.0
1994-11-01,149.7,0.13368985948414291,0,0,0,0,0,0,0,0,0,0,1,1.0
1994-12-01,149.7,0.0,0,0,0,0,0,0,0,0,0,0,0,1.0
1995-01-01,150.3,0.40000053333457686,1,0,0,0,0,0,0,0,0,0,0,1.0
1995-02-01,150.9,0.39840690148746916,0,1,0,0,0,0,0,0,0,0,0,1.0
1995-03-01,151.4,0.3307975229545512,0,0,1,0,0,0,0,0,0,0,0,1.0
1995-04-01,151.9,0.32970685983784165,0,0,0,1,0,0,0,0,0,0,0,1.0
1995-05-01,152.2,0.19730358258582825,0,0,0,0,1,0,0,0,0,0,0,1.0
1995-06-01,152.5,0.19691506198808995,0,0,0,0,0,1,0,0,0,0,0,1.0
1995-07-01,152.5,0.0,0,0,0,0,0,0,1,0,0,0,0,1.0
1995-08-01,152.9,0.26195168875498,0,0,0,0,0,0,0,1,0,0,0,1.0
1995-09-01,153.2,0.19601443714742928,0,0,0,0,0,0,0,0,1,0,0,1.0
1995-10-01,153.7,0.32583932380596536,0,0,0,0,0,0,0,0,0,1,0,1.0
1995-11-01,153.6,-0.06508298309784166,0,0,0,0,0,0,0,0,0,0,1,1.0
1995-12-01,153.5,-0.06512536863203522,0,0,0,0,0,0,0,0,0,0,0,1.0
1996-01-01,154.4,0.5846070563424455,1,0,0,0,0,0,0,0,0,0,0,1.0
1996-02-01,154.9,0.3233109832146752,0,1,0,0,0,0,0,0,0,0,0,1.0
1996-03-01,155.7,0.5151331417129867,0,0,1,0,0,0,0,0,0,0,0,1.0
1996-04-01,156.3,0.38461585874784987,0,0,0,1,0,0,0,0,0,0,0,1.0
1996-05-01,156.6,0.1917546129271308,0,0,0,0,1,0,0,0,0,0,0,1.0
1996-06-01,156.7,0.0638365805272656,0,0,0,0,0,1,0,0,0,0,0,1.0
1996-07-01,157.0,0.1912655986332723,0,0,0,0,0,0,1,0,0,0,0,1.0
1996-08-01,157.3,0.19090047159249224,0,0,0,0,0,0,0,1,0,0,0,1.0
1996-09-01,157.8,0.31735983475416063,0,0,0,0,0,0,0,0,1,0,0,1.0
1996-10-01,158.3,0.31635584751921186,0,0,0,0,0,0,0,0,0,1,0,1.0
1996-11-01,158.6,0.18933423137807992,0,0,0,0,0,0,0,0,0,0,1,1.0
1996-12-01,158.6,0.0,0,0,0,0,0,0,0,0,0,0,0,1.0
1997-01-01,159.1,0.3147626142993687,1,0,0,0,0,0,0,0,0,0,0,1.0
1997-02-01,159.6,0.3137749671967782,0,1,0,0,0,0,0,0,0,0,0,1.0
1997-03-01,160.0,0.2503130218117988,0,0,1,0,0,0,0,0,0,0,0,1.0
1997-04-01,160.2,0.12492194004325441,0,0,0,1,0,0,0,0,0,0,0,1.0
1997-05-01,160.1,-0.06244146315905752,0,0,0,0,1,0,0,0,0,0,0,1.0
1997-06-01,160.3,0.12484396128389363,0,0,0,0,0,1,0,0,0,0,0,1.0
1997-07-01,160.5,0.12468829545628779,0,0,0,0,0,0,1,0,0,0,0,1.0
1997-08-01,160.8,0.1867414174795634,0,0,0,0,0,0,0,1,0,0,0,1.0
1997-09-01,161.2,0.24844733276614406,0,0,0,0,0,0,0,0,1,0,0,1.0
1997-10-01,161.6,0.24783160144679073,0,0,0,0,0,0,0,0,0,1,0,1.0
1997-11-01,161.5,-0.061900342428433675,0,0,0,0,0,0,0,0,0,0,1,1.0
1997-12-01,161.3,-0.12391575315477965,0,0,0,0,0,0,0,0,0,0,0,1.0
1998-01-01,161.6,0.18581609558321333,1,0,0,0,0,0,0,0,0,0,0,1.0
1998-02-01,161.9,0.18547145965941425,0,1,0,0,0,0,0,0,0,0,0,1.0
1998-03-01,162.2,0.1851280997723137,0,0,1,0,0,0,0,0,0,0,0,1.0
1998-04-01,162.5,0.18478600884792584,0,0,0,1,0,0,0,0,0,0,0,1.0
1998-05-01,162.8,0.184445179864845,0,0,0,0,1,0,0,0,0,0,0,1.0
1998-06-01,163.0,0.12277472383219745,0,0,0,0,0,1,0,0,0,0,0,1.0
1998-07-01,163.2,0.1226241723244037,0,0,0,0,0,0,1,0,0,0,0,1.0
1998-08-01,163.4,0.12247398958962208,0,0,0,0,0,0,0,1,0,0,0,1.0
1998-09-01,163.6,0.1223241742744463,0,0,0,0,0,0,0,0,1,0,0,1.0
1998-10-01,164.0,0.24420036555516944,0,0,0,0,0,0,0,0,0,1,0,1.0
1998-11-01,164.0,0.0,0,0,0,0,0,0,0,0,0,0,1,1.0
1998-12-01,163.9,-0.06099420744147821,0,0,0,0,0,0,0,0,0,0,0,1.0
1999-01-01,164.3,0.24375392934388174,1,0,0,0,0,0,0,0,0,0,0,1.0
1999-02-01,164.5,0.12165451622037082,0,1,0,0,0,0,0,0,0,0,0,1.0
1999-03-01,165.0,0.3034903695153801,0,0,1,0,0,0,0,0,0,0,0,1.0
1999-04-01,166.2,0.7246408520767744,0,0,0,1,0,0,0,0,0,0,0,1.0
1999-05-01,166.2,0.0,0,0,0,0,1,0,0,0,0,0,0,1.0
1999-06-01,166.2,0.0,0,0,0,0,0,1,0,0,0,0,0,1.0
1999-07-01,166.7,0.30039073354002355,0,0,0,0,0,0,1,0,0,0,0,1.0
1999-08-01,167.1,0.2396645844600087,0,0,0,0,0,0,0,1,0,0,0,1.0
1999-09-01,167.9,0.4776128482147257,0,0,0,0,0,0,0,0,1,0,0,1.0
1999-10-01,168.2,0.17851834553521684,0,0,0,0,0,0,0,0,0,1,0,1.0
1999-11-01,168.3,0.05943536579122721,0,0,0,0,0,0,0,0,0,0,1,1.0
1999-12-01,168.3,0.0,0,0,0,0,0,0,0,0,0,0,0,1.0
2000-01-01,168.8,0.2966480965096885,1,0,0,0,0,0,0,0,0,0,0,1.0
2000-02-01,169.8,0.5906691715390266,0,1,0,0,0,0,0,0,0,0,0,1.0
2000-03-01,171.2,0.8211189830394261,0,0,1,0,0,0,0,0,0,0,0,1.0
2000-04-01,171.3,0.05839416224331373,0,0,0,1,0,0,0,0,0,0,0,1.0
2000-05-01,171.5,0.11668612759203612,0,0,0,0,1,0,0,0,0,0,0,1.0
2000-06-01,172.4,0.5234091623598225,0,0,0,0,0,1,0,0,0,0,0,1.0
2000-07-01,172.8,0.23174981403624173,0,0,0,0,0,0,1,0,0,0,0,1.0
2000-08-01,172.8,0.0,0,0,0,0,0,0,0,1,0,0,0,1.0
2000-09-01,173.7,0.5194816877103214,0,0,0,0,0,0,0,0,1,0,0,1.0
2000-10-01,174.0,0.1725625967470279,0,0,0,0,0,0,0,0,0,1,0,1.0
2000-11-01,174.1,0.05745475596139471,0,0,0,0,0,0,0,0,0,0,1,1.0
2000-12-01,174.0,-0.05745475596139471,0,0,0,0,0,0,0,0,0,0,0,1.0
2001-01-01,175.1,0.6301940077277024,1,0,0,0,0,0,0,0,0,0,0,1.0
2001-02-01,175.8,0.39897459592701523,0,1,0,0,0,0,0,0,0,0,0,1.0
2001-03-01,176.2,0.22727282510031088,0,0,1,0,0,0,0,0,0,0,0,1.0
2001-04-01,176.9,0.39648876636606545,0,0,0,1,0,0,0,0,0,0,0,1.0
2001-05-01,177.7,0.4512133994865941,0,0,0,0,1,0,0,0,0,0,0,1.0
2001-06-01,178.0,0.1686815131479058,0,0,0,0,0,1,0,0,0,0,0,1.0
2001-07-01,177.5,-0.2812941376614475,0,0,0,0,0,0,1,0,0,0,0,1.0
2001-08-01,177.5,0.0,0,0,0,0,0,0,0,1,0,0,0,1.0
2001-09-01,178.3,0.44969159536245584,0,0,0,0,0,0,0,0,1,0,0,1.0
2001-10-01,177.7,-0.33707897084891414,0,0,0,0,0,0,0,0,0,1,0,1.0
2001-11-01,177.4,-0.1689665285127262,0,0,0,0,0,0,0,0,0,0,1,1.0
2001-12-01,176.7,-0.39536905498280817,0,0,0,0,0,0,0,0,0,0,0,1.0
2002-01-01,177.1,0.22611654631372602,1,0,0,0,0,0,0,0,0,0,0,1.0
2002-02-01,177.8,0.3944778291016249,0,1,0,0,0,0,0,0,0,0,0,1.0
2002-03-01,178.8,0.5608539659609946,0,0,1,0,0,0,0,0,0,0,0,1.0
2002-04-01,179.8,0.5577259298106263,0,0,0,1,0,0,0,0,0,0,0,1.0
2002-05-01,179.8,0.0,0,0,0,0,1,0,0,0,0,0,0,1.0
2002-06-01,179.9,0.05560189189672826,0,0,0,0,0,1,0,0,0,0,0,1.0
2002-07-01,180.1,0.1111111225422512,0,0,0,0,0,0,1,0,0,0,0,1.0
2002-08-01,180.7,0.33259454162726243,0,0,0,0,0,0,0,1,0,0,0,1.0
2002-09-01,181.0,0.16588336676433002,0,0,0,0,0,0,0,0,1,0,0,1.0
2002-10-01,181.3,0.1656086494979725,0,0,0,0,0,0,0,0,0,1,0,1.0
2002-11-01,181.3,0.0,0,0,0,0,0,0,0,0,0,0,1,1.0
2002-12-01,180.9,-0.2208725359555963,0,0,0,0,0,0,0,0,0,0,0,1.0
2003-01-01,181.7,0.44125830008754363,1,0,0,0,0,0,0,0,0,0,0,1.0
2003-02-01,183.1,0.767547627833931,0,1,0,0,0,0,0,0,0,0,0,1.0
2003-03-01,184.2,0.5989672140741753,0,0,1,0,0,0,0,0,0,0,0,1.0
2003-04-01,183.8,-0.21739138996199614,0,0,0,1,0,0,0,0,0,0,0,1.0
2003-05-01,183.5,-0.1633542426961121,0,0,0,0,1,0,0,0,0,0,0,1.0
2003-06-01,183.7,0.10893247264549544,0,0,0,0,0,1,0,0,0,0,0,1.0
2003-07-01,183.9,0.10881393891954971,0,0,0,0,0,0,1,0,0,0,0,1.0
2003-08-01,184.6,0.37991904584764313,0,0,0,0,0,0,0,1,0,0,0,1.0
2003-09-01,185.2,0.3245000143326848,0,0,0,0,0,0,0,0,1,0,0,1.0
2003-10-01,185.0,-0.10804971337545766,0,0,0,0,0,0,0,0,0,1,0,1.0
2003-11-01,184.5,-0.27063615977427347,0,0,0,0,0,0,0,0,0,0,1,1.0
2003-12-01,184.3,-0.10845988048036048,0,0,0,0,0,0,0,0,0,0,0,1.0
2004-01-01,185.2,0.4871457536300916,1,0,0,0,0,0,0,0,0,0,0,1.0
2004-02-01,186.2,0.5385042630887682,0,1,0,0,0,0,0,0,0,0,0,1.0
2004-03-01,187.4,0.6424004961354868,0,0,1,0,0,0,0,0,0,0,0,1.0
2004-04-01,188.0,0.3196593025627692,0,0,0,1,0,0,0,0,0,0,0,1.0
2004-05-01,189.1,0.5834012834462499,0,0,0,0,1,0,0,0,0,0,0,1.0
2004-06-01,189.7,0.31679012765568615,0,0,0,0,0,1,0,0,0,0,0,1.0
2004-07-01,189.4,-0.1582696188990873,0,0,0,0,0,0,1,0,0,0,0,1.0
2004-08-01,189.5,0.05278437705031891,0,0,0,0,0,0,0,1,0,0,0,1.0
2004-09-01,189.9,0.21085932957589648,0,0,0,0,0,0,0,0,1,0,0,1.0
2004-10-01,190.9,0.525211291346217,0,0,0,0,0,0,0,0,0,1,0,1.0
2004-11-01,191.0,0.05236973149278512,0,0,0,0,0,0,0,0,0,0,1,1.0
2004-12-01,190.3,-0.3671653744525827,0,0,0,0,0,0,0,0,0,0,0,1.0
2005-01-01,190.7,0.20997383042695716,1,0,0,0,0,0,0,0,0,0,0,1.0
2005-02-01,191.8,0.575164984296439,0,1,0,0,0,0,0,0,0,0,0,1.0
2005-03-01,193.3,0.779022376494698,0,0,1,0,0,0,0,0,0,0,0,1.0
2005-04-01,194.6,0.6702783537619439,0,0,0,1,0,0,0,0,0,0,0,1.0
2005-05-01,194.4,-0.1028277725565907,0,0,0,0,1,0,0,0,0,0,0,1.0
2005-06-01,194.5,0.051427103216283854,0,0,0,0,0,1,0,0,0,0,0,1.0
2005-07-01,195.4,0.46165765501813283,0,0,0,0,0,0,1,0,0,0,0,1.0
2005-08-01,196.4,0.5104656311682554,0,0,0,0,0,0,0,1,0,0,0,1.0
2005-09-01,198.8,1.2145898302108549,0,0,0,0,0,0,0,0,1,0,0,1.0
2005-10-01,199.2,0.20100509280238654,0,0,0,0,0,0,0,0,0,1,0,1.0
2005-11-01,197.6,-0.8064559836729934,0,0,0,0,0,0,0,0,0,0,1,1.0
2005-12-01,196.8,-0.40568006956149816,0,0,0,0,0,0,0,0,0,0,0,1.0
2006-01-01,198.3,0.759305090759721,1,0,0,0,0,0,0,0,0,0,0,1.0
2006-02-01,198.7,0.2015114032021259,0,1,0,0,0,0,0,0,0,0,0,1.0
2006-03-01,199.8,0.552071665668219,0,0,1,0,0,0,0,0,0,0,0,1.0
2006-04-01,201.5,0.8472515172284645,0,0,0,1,0,0,0,0,0,0,0,1.0
2006-05-01,202.5,0.4950505159856178,0,0,0,0,1,0,0,0,0,0,0,1.0
2006-06-01,202.9,0.19733602851745857,0,0,0,0,0,1,0,0,0,0,0,1.0
2006-07-01,203.5,0.29527580508812434,0,0,0,0,0,0,1,0,0,0,0,1.0
2006-08-01,203.9,0.19636726977596553,0,0,0,0,0,0,0,1,0,0,0,1.0
2006-09-01,202.9,-0.49164307486408987,0,0,0,0,0,0,0,0,1,0,0,1.0
2006-10-01,201.8,-0.5436138912259914,0,0,0,0,0,0,0,0,0,1,0,1.0
2006-11-01,201.5,-0.148772653277085,0,0,0,0,0,0,0,0,0,0,1,1.0
2006-12-01,201.8,0.148772653277085,0,0,0,0,0,0,0,0,0,0,0,1.0
2007-01-01,202.416,0.3047877752805128,1,0,0,0,0,0,0,0,0,0,0,1.0
2007-02-01,203.49900000000002,0.533610519334804,0,1,0,0,0,0,0,0,0,0,0,1.0
2007-03-01,205.352,0.9064488958675732,0,0,1,0,0,0,0,0,0,0,0,1.0
2007-04-01,206.68599999999998,0.6475153558408664,0,0,0,1,0,0,0,0,0,0,0,1.0
2007-05-01,207.949,0.6092123946331185,0,0,0,0,1,0,0,0,0,0,0,1.0
2007-06-01,208.352,0.19360997253743406,0,0,0,0,0,1,0,0,0,0,0,1.0
2007-07-01,208.299,-0.025440956717215357,0,0,0,0,0,0,1,0,0,0,0,1.0
2007-08-01,207.917,-0.1835585884533586,0,0,0,0,0,0,0,1,0,0,0,1.0
2007-09-01,208.49,0.27521168552189224,0,0,0,0,0,0,0,0,1,0,0,1.0
2007-10-01,208.93599999999998,0.2136906516204462,0,0,0,0,0,0,0,0,0,1,0,1.0
2007-11-01,210.17700000000002,0.5922047881539605,0,0,0,0,0,0,0,0,0,0,1,1.0
2007-12-01,210.03599999999997,-0.06710882590104106,0,0,0,0,0,0,0,0,0,0,0,1.0
2008-01-01,211.08,0.49582639407681484,1,0,0,0,0,0,0,0,0,0,0,1.0
2008-02-01,211.69299999999998,0.28999033977203936,0,1,0,0,0,0,0,0,0,0,0,1.0
2008-03-01,213.528,0.8630859675388791,0,0,1,0,0,0,0,0,0,0,0,1.0
2008-04-01,214.82299999999998,0.6046461641963319,0,0,0,1,0,0,0,0,0,0,0,1.0
2008-05-01,216.632,0.8385628167667747,0,0,0,0,1,0,0,0,0,0,0,1.0
2008-06-01,218.815,1.002656253646439,0,0,0,0,0,1,0,0,0,0,0,1.0
2008-07-01,219.96400000000003,0.5237272642163227,0,0,0,0,0,0,1,0,0,0,0,1.0
2008-08-01,219.08599999999998,-0.399954980254158,0,0,0,0,0,0,0,1,0,0,0,1.0
2008-09-01,218.783,-0.13839757935070196,0,0,0,0,0,0,0,0,1,0,0,1.0
2008-10-01,216.57299999999998,-1.0152697945431832,0,0,0,0,0,0,0,0,0,1,0,1.0
2008-11-01,212.425,-1.9338688167749751,0,0,0,0,0,0,0,0,0,0,1,1.0
2008-12-01,210.22799999999998,-1.0396328847919634,0,0,0,0,0,0,0,0,0,0,0,1.0
2009-01-01,211.143,0.4342973000905914,1,0,0,0,0,0,0,0,0,0,0,1.0
2009-02-01,212.19299999999998,0.49606088457760933,0,1,0,0,0,0,0,0,0,0,0,1.0
2009-03-01,212.709,0.24287965397160605,0,0,1,0,0,0,0,0,0,0,0,1.0
2009-04-01,213.24,0.24932575264768886,0,0,0,1,0,0,0,0,0,0,0,1.0
2009-05-01,213.856,0.28845993740995723,0,0,0,0,1,0,0,0,0,0,0,1.0
2009-06-01,215.69299999999998,0.8553209059560807,0,0,0,0,0,1,0,0,0,0,0,1.0
2009-07-01,215.351,-0.15868452954457268,0,0,0,0,0,0,1,0,0,0,0,1.0
2009-08-01,215.834,0.22403386111271573,0,0,0,0,0,0,0,1,0,0,0,1.0
2009-09-01,215.96900000000002,0.06252851619770183,0,0,0,0,0,0,0,0,1,0,0,1.0
2009-10-01,216.17700000000002,0.09626377014351206,0,0,0,0,0,0,0,0,0,1,0,1.0
2009-11-01,216.33,0.0707503029463652,0,0,0,0,0,0,0,0,0,0,1,1.0
2009-12-01,215.949,-0.17627509023405707,0,0,0,0,0,0,0,0,0,0,0,1.0
2010-01-01,216.687,0.3411647277707708,1,0,0,0,0,0,0,0,0,0,0,1.0
2010-02-01,216.74099999999999,0.024917633507470782,0,1,0,0,0,0,0,0,0,0,0,1.0
2010-03-01,217.63099999999997,0.4097875762939296,0,0,1,0,0,0,0,0,0,0,0,1.0
2010-04-01,218.00900000000001,0.17353782704221388,0,0,0,1,0,0,0,0,0,0,0,1.0
2010-05-01,218.178,0.07748970439589442,0,0,0,0,1,0,0,0,0,0,0,1.0
2010-06-01,217.965,-0.0976743943771119,0,0,0,0,0,1,0,0,0,0,0,1.0
2010-07-01,218.011,0.021102079091850356,0,0,0,0,0,0,1,0,0,0,0,1.0
2010-08-01,218.312,0.13797120378651329,0,0,0,0,0,0,0,1,0,0,0,1.0
2010-09-01,218.43900000000002,0.058156708778955846,0,0,0,0,0,0,0,0,1,0,0,1.0
2010-10-01,218.71099999999998,0.1244424271308553,0,0,0,0,0,0,0,0,0,1,0,1.0
2010-11-01,218.803,0.04205579769154255,0,0,0,0,0,0,0,0,0,0,1,1.0
2010-12-01,219.179,0.17169659591935726,0,0,0,0,0,0,0,0,0,0,0,1.0
2011-01-01,220.22299999999998,0.47519217687925774,1,0,0,0,0,0,0,0,0,0,0,1.0
2011-02-01,221.30900000000003,0.49192456719175937,0,1,0,0,0,0,0,0,0,0,0,1.0
2011-03-01,223.467,0.9703837139959148,0,0,1,0,0,0,0,0,0,0,0,1.0
2011-04-01,224.90599999999998,0.6418784987763715,0,0,0,1,0,0,0,0,0,0,0,1.0
2011-05-01,225.96400000000003,0.4693157415371907,0,0,0,0,1,0,0,0,0,0,0,1.0
2011-06-01,225.722,-0.10715409517025876,0,0,0,0,0,1,0,0,0,0,0,1.0
2011-07-01,225.922,0.08856533600489769,0,0,0,0,0,0,1,0,0,0,0,1.0
2011-08-01,226.545,0.2753793729503684,0,0,0,0,0,0,0,1,0,0,0,1.0
2011-09-01,226.889,0.15173104178218821,0,0,0,0,0,0,0,0,1,0,0,1.0
2011-10-01,226.421,-0.2064812893051382,0,0,0,0,0,0,0,0,0,1,0,1.0
2011-11-01,226.23,-0.08439173285195167,0,0,0,0,0,0,0,0,0,0,1,1.0
2011-12-01,225.672,-0.24695632397797596,0,0,0,0,0,0,0,0,0,0,0,1.0
2012-01-01,226.665,0.43905388909477594,1,0,0,0,0,0,0,0,0,0,0,1.0
2012-02-01,227.66299999999998,0.4393308821876829,0,1,0,0,0,0,0,0,0,0,0,1.0
2012-03-01,229.392,0.7565865148201567,0,0,1,0,0,0,0,0,0,0,0,1.0
2012-04-01,230.085,0.3016475364270299,0,0,0,1,0,0,0,0,0,0,0,1.0
2012-05-01,229.815,-0.11741684323558488,0,0,0,0,1,0,0,0,0,0,0,1.0
2012-06-01,229.47799999999998,-0.14674730965928973,0,0,0,0,0,1,0,0,0,0,0,1.0
2012-07-01,229.104,-0.16311154075827616,0,0,0,0,0,0,1,0,0,0,0,1.0
2012-08-01,230.37900000000002,0.554972990271807,0,0,0,0,0,0,0,1,0,0,0,1.0
2012-09-01,231.407,0.44522861158942106,0,0,0,0,0,0,0,0,1,0,0,1.0
2012-10-01,231.317,-0.03890007915519078,0,0,0,0,0,0,0,0,0,1,0,1.0
2012-11-01,230.22099999999998,-0.4749347009957994,0,0,0,0,0,0,0,0,0,0,1,1.0
2012-12-01,229.601,-0.26966973121291815,0,0,0,0,0,0,0,0,0,0,0,1.0
2013-01-01,230.28,0.29529399709851134,1,0,0,0,0,0,0,0,0,0,0,1.0
2013-02-01,232.166,0.8156673239660073,0,1,0,0,0,0,0,0,0,0,0,1.0
2013-03-01,232.773,0.2611096702441529,0,0,1,0,0,0,0,0,0,0,0,1.0
2013-04-01,232.53099999999998,-0.10401802770649837,0,0,0,1,0,0,0,0,0,0,0,1.0
2013-05-01,232.945,0.17788247263679224,0,0,0,0,1,0,0,0,0,0,0,1.0
2013-06-01,233.50400000000002,0.2396833384196384,0,0,0,0,0,1,0,0,0,0,0,1.0
2013-07-01,233.59599999999998,0.03939199365854407,0,0,0,0,0,0,1,0,0,0,0,1.0
2013-08-01,233.877,0.12022086145906385,0,0,0,0,0,0,0,1,0,0,0,1.0
2013-09-01,234.149,0.11623287194426624,0,0,0,0,0,0,0,0,1,0,0,1.0
2013-10-01,233.546,-0.2578605005922441,0,0,0,0,0,0,0,0,0,1,0,1.0
2013-11-01,233.06900000000002,-0.2044512783156982,0,0,0,0,0,0,0,0,0,0,1,1.0
2013-12-01,233.049,-0.008581517989991738,0,0,0,0,0,0,0,0,0,0,0,1.0
2014-01-01,233.916,0.3713344667159113,1,0,0,0,0,0,0,0,0,0,0,1.0
2014-02-01,234.78099999999998,0.3691088195881598,0,1,0,0,0,0,0,0,0,0,0,1.0
2014-03-01,236.293,0.6419395646056536,0,0,1,0,0,0,0,0,0,0,0,1.0
2014-04-01,237.072,0.32913320724325956,0,0,0,1,0,0,0,0,0,0,0,1.0
2014-05-01,237.9,0.34865248425326456,0,0,0,0,1,0,0,0,0,0,0,1.0
2014-06-01,238.343,0.18603953350337932,0,0,0,0,0,1,0,0,0,0,0,1.0
2014-07-01,238.25,-0.03902701096336614,0,0,0,0,0,0,1,0,0,0,0,1.0
2014-08-01,237.852,-0.16719110304528328,0,0,0,0,0,0,0,1,0,0,0,1.0
2014-09-01,238.03099999999998,0.07522857863877519,0,0,0,0,0,0,0,0,1,0,0,1.0
2014-10-01,237.433,-0.25154388778840797,0,0,0,0,0,0,0,0,0,1,0,1.0
2014-11-01,236.15099999999998,-0.5414047482547701,0,0,0,0,0,0,0,0,0,0,1,1.0
2014-12-01,234.812,-0.5686236956425006,0,0,0,0,0,0,0,0,0,0,0,1.0
2015-01-01,233.707,-0.47169999460496825,1,0,0,0,0,0,0,0,0,0,0,1.0
2015-02-01,234.722,0.43336411217591575,0,1,0,0,0,0,0,0,0,0,0,1.0
2015-03-01,236.11900000000003,0.5934080079743609,0,0,1,0,0,0,0,0,0,0,0,1.0
2015-04-01,236.59900000000002,0.20308097638235267,0,0,0,1,0,0,0,0,0,0,0,1.0
2015-05-01,237.805,0.5084285115299458,0,0,0,0,1,0,0,0,0,0,0,1.0
2015-06-01,238.638,0.34967492387343313,0,0,0,0,0,1,0,0,0,0,0,1.0
2015-07-01,238.65400000000002,0.006704491173525895,0,0,0,0,0,0,1,0,0,0,0,1.0
2015-08-01,238.31599999999997,-0.1417280150021405,0,0,0,0,0,0,0,1,0,0,0,1.0
2015-09-01,237.945,-0.1557969579885743,0,0,0,0,0,0,0,0,1,0,0,1.0
2015-10-01,237.838,-0.04497848885058886,0,0,0,0,0,0,0,0,0,1,0,1.0
2015-11-01,237.33599999999998,-0.21129110042235055,0,0,0,0,0,0,0,0,0,0,1,1.0
2015-12-01,236.525,-0.34229480452907524,0,0,0,0,0,0,0,0,0,0,0,1.0
2016-01-01,236.916,0.1651737339583903,1,0,0,0,0,0,0,0,0,0,0,1.0
2016-02-01,237.111,0.08227379917160604,0,1,0,0,0,0,0,0,0,0,0,1.0
2016-03-01,238.132,0.4296755852553069,0,0,1,0,0,0,0,0,0,0,0,1.0
2016-04-01,239.261,0.4729864513286053,0,0,0,1,0,0,0,0,0,0,0,1.0
2016-05-01,240.229,0.4037628793358117,0,0,0,0,1,0,0,0,0,0,0,1.0
2016-06-01,241.018,0.3278984417260489,0,0,0,0,0,1,0,0,0,0,0,1.0
2016-07-01,240.628,-0.16194470014685436,0,0,0,0,0,0,1,0,0,0,0,1.0
2016-08-01,240.84900000000002,0.0918008609010812,0,0,0,0,0,0,0,1,0,0,0,1.0
2016-09-01,241.428,0.24011108892914024,0,0,0,0,0,0,0,0,1,0,0,1.0
2016-10-01,241.729,0.12459719674575709,0,0,0,0,0,0,0,0,0,1,0,1.0
2016-11-01,241.35299999999998,-0.15566718525130696,0,0,0,0,0,0,0,0,0,0,1,1.0
2016-12-01,241.43200000000002,0.03272678343577695,0,0,0,0,0,0,0,0,0,0,0,1.0
2017-01-01,242.83900000000003,0.5810812371615626,1,0,0,0,0,0,0,0,0,0,0,1.0
2017-02-01,243.60299999999998,0.3141178714828108,0,1,0,0,0,0,0,0,0,0,0,1.0
2017-03-01,243.801,0.08124677306371453,0,0,1,0,0,0,0,0,0,0,0,1.0
2017-04-01,244.524,0.2961144845317065,0,0,0,1,0,0,0,0,0,0,0,1.0
2017-05-01,244.733,0.08543567602012914,0,0,0,0,1,0,0,0,0,0,0,1.0
2017-06-01,244.955,0.09066998383007174,0,0,0,0,0,1,0,0,0,0,0,1.0
2017-07-01,244.78599999999997,-0.06901607449991687,0,0,0,0,0,0,1,0,0,0,0,1.0
2017-08-01,245.519,0.2989977854939596,0,0,0,0,0,0,0,1,0,0,0,1.0
2017-09-01,246.81900000000002,0.5280937166055821,0,0,0,0,0,0,0,0,1,0,0,1.0
2017-10-01,246.66299999999998,-0.06322419265405443,0,0,0,0,0,0,0,0,0,1,0,1.0
2017-11-01,246.669,0.0024324390067498314,0,0,0,0,0,0,0,0,0,0,1,1.0
2017-12-01,246.524,-0.05880051183932977,0,0,0,0,0,0,0,0,0,0,0,1.0
2018-01-01,247.86700000000002,0.5432960160880462,1,0,0,0,0,0,0,0,0,0,0,1.0
2018-02-01,248.99099999999999,0.45244392458512195,0,1,0,0,0,0,0,0,0,0,0,1.0
2018-03-01,249.554,0.22585734059274998,0,0,1,0,0,0,0,0,0,0,0,1.0
2018-04-01,250.546,0.39672117619327096,0,0,0,1,0,0,0,0,0,0,0,1.0
2018-05-01,251.588,0.4150292534253808,0,0,0,0,1,0,0,0,0,0,0,1.0
2018-06-01,251.989,0.1592606829770915,0,0,0,0,0,1,0,0,0,0,0,1.0
2018-07-01,252.00599999999997,0.006746098674170753,0,0,0,0,0,0,1,0,0,0,0,1.0
